{
  "Бахчисарайський район": "Крим",
  "Чорноморський район": "Крим",
  "Дніпровський район": "Дніпропетро́вська",
  "Криворізький район": "Дніпропетро́вська",
  "Самарівський район": "Дніпропетро́вська",
  "Нікопольський район": "Дніпропетро́вська",
  "Павлоградський район": "Дніпропетро́вська",
  "Синельниківський район": "Дніпропетро́вська",
  "Золотоніський район": "Черкаська",
  "Верховинський район": "Івано-Франківська",
  "Білогірський район": "Крим",
  "Джанкойський район": "Крим",
  "Красногвардійський район": "Крим",
  "Перекопський район": "Крим",
  "Кіровський район": "Крим",
  "Ленінський район": "Крим",
  "Нижньогірський район": "Крим",
  "Первомайський район": "Крим",
  "Роздольненський район": "Крим",
  "Сакський район": "Крим",
  "Совєтський район": "Крим",
  "Сімферопольський район": "Крим",
  "міський округ Алушта": "Крим",
  "Міський округ Армянськ": "Крим",
  "Міський округ Джанкой": "Крим",
  "Міський округ Євпаторія": "Крим",
  "Яни Капу": "Крим",
  "Міський округ Саки": "Крим",
  "міський округ Сімферополь": "Крим",
  "Міський округ Судак": "Крим",
  "Міський округ Феодосія": "Крим",
  "Міський округ Ялта": "Крим",
  "Сумський район": "Сумська",
  "Охтирський район": "Сумська",
  "Калуський район": "Івано-Франківська",
  "Роменський район": "Сумська",
  "Конотопський район": "Сумська",
  "Шосткинський район": "Сумська",
  "Богодухівський район": "Харківська",
  "Харківський район": "Харківська",
  "Берестинський район": "Харківська",
  "Чугуївський район": "Харківська",
  "Лозівський район": "Харківська",
  "Куп’янський район": "Харківська",
  "Ізюмський район": "Харківська",
  "Івано-Франківський район": "Івано-Франківська",
  "Коломийський район": "Івано-Франківська",
  "Косівський район": "Івано-Франківська",
  "Надвірнянський район": "Івано-Франківська",
  "Чернігівський район": "Чернігівська",
  "Коростенський район": "Житомирська",
  "Корюківський район": "Чернігівська",
  "Житомирський район": "Житомирська",
  "Ізмаїльський район": "Одеська",
  "Новгород-Сіверський район": "Чернігівська",
  "Ніжинський район": "Чернігівська",
  "Прилуцький район": "Чернігівська",
  "Полтавський район": "Полтавська",
  "Кременчуцький район": "Полтавська",
  "Дубенський район": "Рівненська",
  "Вараський район": "Рівненська",
  "Рівненський район": "Рівненська",
  "Сарненський район": "Рівненська",
  "Лубенський район": "Полтавська",
  "Миргородський район": "Полтавська",
  "Олександрійський район": "Кіровоградська",
  "Тячівський район": "Закарпатська",
  "Рахівський район": "Закарпатська",
  "Ужгородський район": "Закарпатська",
  "Берегівський район": "Закарпатська",
  "Кропивницький район": "Кіровоградська",
  "Новоукраїнський район": "Кіровоградська",
  "Голованівський район": "Кіровоградська",
  "Мукачівський район": "Закарпатська",
  "Хустський район": "Закарпатська",
  "Вишгородський район": "Київська",
  "Броварський район": "Київська",
  "Бориспільський район": "Київська",
  "Дністровський район": "Чернівецька",
  "Чернівецький район": "Чернівецька",
  "Вижницький район": "Чернівецька",
  "Обухівський район": "Київська",
  "Білоцерківський район": "Київська",
  "Фастівський район": "Київська",
  "Бучанський район": "Київська",
  "Вінницький район": "Вінницька",
  "Хмільницький район": "Вінницька",
  "Кременецький район": "Тернопільська",
  "Чортківський район": "Тернопільська",
  "Тернопільський район": "Тернопільська",
  "Шепетівський район": "Хмельницька",
  "Черкаський район": "Черкаська",
  "Хмельницький район": "Хмельницька",
  "Кам’янець-Подільський район": "Хмельницька",
  "Луцький район": "Волинська",
  "Камінь-Каширський район": "Волинська",
  "Володимирський район": "Волинська",
  "Ковельський район": "Волинська",
  "Шептицький район": "NA",
  "Золочівський район": "NA",
  "Львівський район": "NA",
  "Яворівський район": "NA",
  "Самбірський район": "NA",
  "Дрогобицький район": "NA",
  "Стрийський район": "NA",
  "Гайсинський район": "Вінницька",
  "Кам'янський район": "Дніпропетро́вська",
  "Тульчинський район": "Вінницька",
  "Жмеринський район": "Вінницька",
  "Могилів-Подільський район": "Вінницька",
  "Бердичівський район": "Житомирська",
  "Звягельський район": "Житомирська",
  "Уманський район": "Черкаська",
  "Звенигородський район": "Черкаська",
  "Старобільський район": "Луганська",
  "Сватівський район": "Луганська",
  "Щастинський район": "Луганська",
  "Маріупольський район": "Доне́цька",
  "Сіверськодонецький район": "Луганська",
  "Бахмутський район": "Доне́цька",
  "Краматорський район": "Доне́цька",
  "Покровський район": "Доне́цька",
  "Волноваський район": "Доне́цька",
  "Горлівський район": "Доне́цька",
  "Донецький район": "Доне́цька",
  "Кальміуський район": "Доне́цька",
  "Довжанський район": "Луганська",
  "Ровеньківський район": "Луганська",
  "Луганський район": "Луганська",
  "Алчевський район": "Луганська",
  "Євпаторійський район": "Крим",
  "Керченський район": "Крим",
  "Курманський район": "Крим",
  "Феодосійський район": "Крим",
  "Ялтинський район": "Крим"
}